{"Name": "test", "Path": [{"pose": {"position": {"x": 0.0, "y": 0.0, "z": 0.0}, "orientation": {"x": 0.0, "y": 0.0, "z": 0.0, "w": 1.0}}, "header": {"frame_id": ""}}]}
{"Name": "test", "Path": [{"pose": {"position": {"x": -0.008256327669814585, "y": 0.012011860254134317, "z": -1.996857913189043e-07}, "orientation": {"x": -4.195413401087976e-09, "y": -3.5837623993522626e-09, "z": -0.015022756795297748, "w": 0.9998871520218016}}, "header": {"frame_id": "map"}}]}
{"Name": "test", "Path": [{"pose": {"position": {"x": -0.009074039592252345, "y": 0.009706886685634221, "z": -2.462900434291315e-07}, "orientation": {"x": -5.151374893811266e-09, "y": -4.400413233974203e-09, "z": -0.014965863914557306, "w": 0.9998880051872264}}, "header": {"frame_id": "map"}}]}
{"Name": "test", "Path": [{"pose": {"position": {"x": -0.009887423552623632, "y": 0.007413526274907208, "z": -2.9265592924737627e-07}, "orientation": {"x": -6.093898372801834e-09, "y": -5.20560592662167e-09, "z": -0.014909769861541773, "w": 0.9998888432034212}}, "header": {"frame_id": "map"}}]}
{"Name": "test", "Path": [{"pose": {"position": {"x": -0.01112791228982442, "y": 0.003914815805307868, "z": -3.633841448927311e-07}, "orientation": {"x": -7.515406400382748e-09, "y": -6.420032942124832e-09, "z": -0.01482516743031436, "w": 0.9998901011664547}}, "header": {"frame_id": "map"}}]}
{"Name": "test", "Path": [{"pose": {"position": {"x": -0.015592868351819014, "y": -0.008689181962925431, "z": -6.181142346989299e-07}, "orientation": {"x": -1.2476173531555611e-08, "y": -1.065851168959845e-08, "z": -0.014529906270870956, "w": 0.999894435339931}}, "header": {"frame_id": "map"}}]}
{"Name": "test", "Path": [{"pose": {"position": {"x": -0.016827409777832425, "y": -0.012177075157010928, "z": -6.885876440571037e-07}, "orientation": {"x": -1.380581138861855e-08, "y": -1.1794654905458427e-08, "z": -0.01445076291122571, "w": 0.9998955822741108}}, "header": {"frame_id": "map"}}]}
{"Name": "test", "Path": [{"pose": {"position": {"x": -0.018065717122816672, "y": -0.015676857697682588, "z": -7.59293713126219e-07}, "orientation": {"x": -1.5121666818456836e-08, "y": -1.2919063254209048e-08, "z": -0.014372438121305156, "w": 0.9998967111769339}}, "header": {"frame_id": "map"}}]}
{"Name": "test", "Path": [{"pose": {"position": {"x": -0.019291233201965186, "y": -0.019141705353198014, "z": -8.292866297554546e-07}, "orientation": {"x": -1.6406565463862012e-08, "y": -1.4017059089631532e-08, "z": -0.014295954278881029, "w": 0.999897807623987}}, "header": {"frame_id": "map"}}]}
{"Name": "test", "Path": [{"pose": {"position": {"x": -0.0196968988252404, "y": -0.020288889892953306, "z": -8.524591516012592e-07}, "orientation": {"x": -1.6828120162073778e-08, "y": -1.4377302557501795e-08, "z": -0.014270860782788651, "w": 0.9998981660811854}}, "header": {"frame_id": "map"}}]}
{"Name": "test", "Path": [{"pose": {"position": {"x": -0.020106664006436247, "y": -0.021447799960231953, "z": -8.758677223150158e-07}, "orientation": {"x": -1.7252046097625215e-08, "y": -1.4739576816282414e-08, "z": -0.014245625952617792, "w": 0.9998985259221146}}, "header": {"frame_id": "map"}}]}
{"Name": "test", "Path": [{"pose": {"position": {"x": -0.020106664006436247, "y": -0.021447799960231953, "z": -8.758677223150158e-07}, "orientation": {"x": -1.7252046097625215e-08, "y": -1.4739576816282414e-08, "z": -0.014245625952617792, "w": 0.9998985259221146}}, "header": {"frame_id": "map"}}]}
