{"Name": "test", "Path": [{"pose": {"position": {"x": 0.0, "y": 0.0, "z": 0.0}, "orientation": {"x": 0.0, "y": 0.0, "z": 0.0, "w": 1.0}}, "header": {"frame_id": ""}}]}
{"Name": "test", "Path": [{"pose": {"position": {"x": -0.03723265047981524, "y": -0.015057462424426942, "z": -2.538537119053941e-07}, "orientation": {"x": -5.305428858646192e-09, "y": -4.611970274939437e-09, "z": -0.006296054680318817, "w": 0.999980179651308}}, "header": {"frame_id": "map"}}]}
{"Name": "test", "Path": [{"pose": {"position": {"x": -0.03759177035060664, "y": -0.01612861571655655, "z": -2.753802559457563e-07}, "orientation": {"x": -5.743407514994993e-09, "y": -4.9927329004572295e-09, "z": -0.0062697912130407025, "w": 0.9999803446659064}}, "header": {"frame_id": "map"}}]}
{"Name": "test", "Path": [{"pose": {"position": {"x": -0.03866495486467944, "y": -0.01933041238056924, "z": -3.397210318750732e-07}, "orientation": {"x": -7.041619176585529e-09, "y": -6.121378322508128e-09, "z": -0.006191942570376899, "w": 0.999980829739853}}, "header": {"frame_id": "map"}}]}
{"Name": "test", "Path": [{"pose": {"position": {"x": -0.039398627989975545, "y": -0.021519968398382903, "z": -3.8371679947357684e-07}, "orientation": {"x": -7.920031996743485e-09, "y": -6.885080571402814e-09, "z": -0.006139266624712462, "w": 0.9999811545250793}}, "header": {"frame_id": "map"}}]}
{"Name": "test", "Path": [{"pose": {"position": {"x": -0.039761461810484365, "y": -0.02260300201937361, "z": -4.05477560611045e-07}, "orientation": {"x": -8.351736966806799e-09, "y": -7.2604168109963255e-09, "z": -0.006113378205624336, "w": 0.9999813131288579}}, "header": {"frame_id": "map"}}]}
{"Name": "test", "Path": [{"pose": {"position": {"x": -0.039761461810484365, "y": -0.02260300201937361, "z": -4.05477560611045e-07}, "orientation": {"x": -8.351736966806799e-09, "y": -7.2604168109963255e-09, "z": -0.006113378205624336, "w": 0.9999813131288579}}, "header": {"frame_id": "map"}}]}
