{"Path": [{"pose": {"position": {"x": 0.0, "y": 0.0, "z": 0.0}, "orientation": {"x": 0.0, "y": 0.0, "z": 0.0, "w": 1.0}}, "header": {"frame_id": ""}}]}
{"Path": [{"pose": {"position": {"x": -0.023987547557886638, "y": -0.0036274778513966585, "z": -4.0060019278892467e-07}, "orientation": {"x": -7.669162614778226e-09, "y": -7.053478509510151e-09, "z": 0.021780009666352265, "w": 0.9997627874545709}}, "header": {"frame_id": "map"}}]}
{"Path": [{"pose": {"position": {"x": -0.024795071956110172, "y": -0.00657309190466375, "z": -4.587950447193512e-07}, "orientation": {"x": -8.73444251742513e-09, "y": -8.033360837451882e-09, "z": 0.02184549961381136, "w": 0.9997613585984522}}, "header": {"frame_id": "map"}}]}
{"Path": [{"pose": {"position": {"x": -0.025920568885761074, "y": -0.010680366218663917, "z": -5.399323099383735e-07}, "orientation": {"x": -1.0199735285453457e-08, "y": -9.3812383654979e-09, "z": 0.021935582937285175, "w": 0.999759386153089}}, "header": {"frame_id": "map"}}]}
{"Path": [{"pose": {"position": {"x": -0.026192842963792436, "y": -0.011674285629808934, "z": -5.595653573553516e-07}, "orientation": {"x": -1.0550839967002721e-08, "y": -9.704217196755384e-09, "z": 0.02195716849067765, "w": 0.9997589123142998}}, "header": {"frame_id": "map"}}]}
{"Path": [{"pose": {"position": {"x": -0.026192842963792436, "y": -0.011674285629808934, "z": -5.595653573553516e-07}, "orientation": {"x": -1.0550839967002721e-08, "y": -9.704217196755384e-09, "z": 0.02195716849067765, "w": 0.9997589123142998}}, "header": {"frame_id": "map"}}]}
{"Path": [{"pose": {"position": {"x": -0.02646508746645357, "y": -0.012668216975283773, "z": -5.791981141506364e-07}, "orientation": {"x": -1.0900602947702297e-08, "y": -1.0025964996625916e-08, "z": 0.021978671678945957, "w": 0.9997584398199542}}, "header": {"frame_id": "map"}}]}
{"Path": [{"pose": {"position": {"x": -0.02646508746645357, "y": -0.012668216975283773, "z": -5.791981141506364e-07}, "orientation": {"x": -1.0900602947702297e-08, "y": -1.0025964996625916e-08, "z": 0.021978671678945957, "w": 0.9997584398199542}}, "header": {"frame_id": "map"}}]}
{"Path": [{"pose": {"position": {"x": -0.02674714105349163, "y": -0.013698086089203046, "z": -5.995401832353808e-07}, "orientation": {"x": -1.1261598025310356e-08, "y": -1.0358048753865464e-08, "z": 0.02200086554276042, "w": 0.9997579516639861}}, "header": {"frame_id": "map"}}]}
{"Path": [{"pose": {"position": {"x": -0.02674714105349163, "y": -0.013698086089203046, "z": -5.995401832353808e-07}, "orientation": {"x": -1.1261598025310356e-08, "y": -1.0358048753865464e-08, "z": 0.02200086554276042, "w": 0.9997579516639861}}, "header": {"frame_id": "map"}}]}
{"Path": [{"pose": {"position": {"x": -0.02700948819413447, "y": -0.014656115281776197, "z": -6.184627601990567e-07}, "orientation": {"x": -1.1596124128580417e-08, "y": -1.0665786361676093e-08, "z": 0.022021432219285816, "w": 0.9997574988581037}}, "header": {"frame_id": "map"}}]}
{"Path": [{"pose": {"position": {"x": -0.02700948819413447, "y": -0.014656115281776197, "z": -6.184627601990567e-07}, "orientation": {"x": -1.1596124128580417e-08, "y": -1.0665786361676093e-08, "z": 0.022021432219285816, "w": 0.9997574988581037}}, "header": {"frame_id": "map"}}]}
{"Path": [{"pose": {"position": {"x": -0.02700948819413447, "y": -0.014656115281776197, "z": -6.184627601990567e-07}, "orientation": {"x": -1.1596124128580417e-08, "y": -1.0665786361676093e-08, "z": 0.022021432219285816, "w": 0.9997574988581037}}, "header": {"frame_id": "map"}}]}
{"Path": [{"pose": {"position": {"x": -0.027278365822560734, "y": -0.015638106575103103, "z": -6.378581245206072e-07}, "orientation": {"x": -1.1937734593045433e-08, "y": -1.0980044126237589e-08, "z": 0.022042434561065492, "w": 0.9997570360235635}}, "header": {"frame_id": "map"}}]}
{"Path": [{"pose": {"position": {"x": -0.027278365822560734, "y": -0.015638106575103103, "z": -6.378581245206072e-07}, "orientation": {"x": -1.1937734593045433e-08, "y": -1.0980044126237589e-08, "z": 0.022042434561065492, "w": 0.9997570360235635}}, "header": {"frame_id": "map"}}]}
{"Path": [{"pose": {"position": {"x": -0.027278365822560734, "y": -0.015638106575103103, "z": -6.378581245206072e-07}, "orientation": {"x": -1.1937734593045433e-08, "y": -1.0980044126237589e-08, "z": 0.022042434561065492, "w": 0.9997570360235635}}, "header": {"frame_id": "map"}}]}
{"Path": [{"pose": {"position": {"x": -0.027557050426765206, "y": -0.016656036482546918, "z": -6.579627803496302e-07}, "orientation": {"x": -1.2290481761244485e-08, "y": -1.1304550114157532e-08, "z": 0.022064121714315914, "w": 0.9997565576343951}}, "header": {"frame_id": "map"}}]}
{"Path": [{"pose": {"position": {"x": -0.027557050426765206, "y": -0.016656036482546918, "z": -6.579627803496302e-07}, "orientation": {"x": -1.2290481761244485e-08, "y": -1.1304550114157532e-08, "z": 0.022064121714315914, "w": 0.9997565576343951}}, "header": {"frame_id": "map"}}]}
{"Path": [{"pose": {"position": {"x": -0.027557050426765206, "y": -0.016656036482546918, "z": -6.579627803496302e-07}, "orientation": {"x": -1.2290481761244485e-08, "y": -1.1304550114157532e-08, "z": 0.022064121714315914, "w": 0.9997565576343951}}, "header": {"frame_id": "map"}}]}
{"Path": [{"pose": {"position": {"x": -0.027829148378507085, "y": -0.017650026940523214, "z": -6.775940967623795e-07}, "orientation": {"x": -1.263359689779822e-08, "y": -1.1620198514958841e-08, "z": 0.022085216807656623, "w": 0.9997560918536874}}, "header": {"frame_id": "map"}}]}
{"Path": [{"pose": {"position": {"x": -0.027829148378507085, "y": -0.017650026940523214, "z": -6.775940967623795e-07}, "orientation": {"x": -1.263359689779822e-08, "y": -1.1620198514958841e-08, "z": 0.022085216807656623, "w": 0.9997560918536874}}, "header": {"frame_id": "map"}}]}
{"Path": [{"pose": {"position": {"x": -0.027829148378507085, "y": -0.017650026940523214, "z": -6.775940967623795e-07}, "orientation": {"x": -1.263359689779822e-08, "y": -1.1620198514958841e-08, "z": 0.022085216807656623, "w": 0.9997560918536874}}, "header": {"frame_id": "map"}}]}
{"Path": [{"pose": {"position": {"x": -0.028078272954579646, "y": -0.018560197101234417, "z": -6.955695107599413e-07}, "orientation": {"x": -1.2946624615419941e-08, "y": -1.1908170720639225e-08, "z": 0.0221044621963439, "w": 0.9997556665260818}}, "header": {"frame_id": "map"}}]}
{"Path": [{"pose": {"position": {"x": -0.028078272954579646, "y": -0.018560197101234417, "z": -6.955695107599413e-07}, "orientation": {"x": -1.2946624615419941e-08, "y": -1.1908170720639225e-08, "z": 0.0221044621963439, "w": 0.9997556665260818}}, "header": {"frame_id": "map"}}]}
{"Path": [{"pose": {"position": {"x": -0.028078272954579646, "y": -0.018560197101234417, "z": -6.955695107599413e-07}, "orientation": {"x": -1.2946624615419941e-08, "y": -1.1908170720639225e-08, "z": 0.0221044621963439, "w": 0.9997556665260818}}, "header": {"frame_id": "map"}}]}
{"Path": [{"pose": {"position": {"x": -0.028078272954579646, "y": -0.018560197101234417, "z": -6.955695107599413e-07}, "orientation": {"x": -1.2946624615419941e-08, "y": -1.1908170720639225e-08, "z": 0.0221044621963439, "w": 0.9997556665260818}}, "header": {"frame_id": "map"}}]}
{"Path": [{"pose": {"position": {"x": -0.028317540923497947, "y": -0.01943444866090415, "z": -7.128351453417059e-07}, "orientation": {"x": -1.324626450881321e-08, "y": -1.2183828995909703e-08, "z": 0.0221228845766386, "w": 0.9997552590399355}}, "header": {"frame_id": "map"}}]}
{"Path": [{"pose": {"position": {"x": -0.028317540923497947, "y": -0.01943444866090415, "z": -7.128351453417059e-07}, "orientation": {"x": -1.324626450881321e-08, "y": -1.2183828995909703e-08, "z": 0.0221228845766386, "w": 0.9997552590399355}}, "header": {"frame_id": "map"}}]}
{"Path": [{"pose": {"position": {"x": -0.028317540923497947, "y": -0.01943444866090415, "z": -7.128351453417059e-07}, "orientation": {"x": -1.324626450881321e-08, "y": -1.2183828995909703e-08, "z": 0.0221228845766386, "w": 0.9997552590399355}},