{"pose": {"position": {"x": -0.03703921445719768, "y": -0.09867212357125386, "z": -7.687111393261947e-07}, "orientation": {"x": -1.4864833574079306e-08, "y": -1.3996838850114825e-08, "z": 0.03398834111121064, "w": 0.999422229424835}}, "header": {"frame_id": "map"}}{"pose": {"position": {"x": 0.0, "y": 0.0, "z": 0.0}, "orientation": {"x": 0.0, "y": 0.0, "z": 0.0, "w": 1.0}}, "header": {"frame_id": ""}}
{"pose": {"position": {"x": -0.05252396963706388, "y": -0.03987268271216606, "z": -1.5899355199772147e-07}, "orientation": {"x": -3.313748454764742e-09, "y": -2.919951367478896e-09, "z": 0.0003116204780887122, "w": 0.9999999514463376}}, "header": {"frame_id": "map"}}
{"pose": {"position": {"x": -0.053266738779007256, "y": -0.042189827779670216, "z": -2.0536260304099274e-07}, "orientation": {"x": -4.261056706196291e-09, "y": -3.754734698905788e-09, "z": 0.0003687614983591574, "w": 0.9999999320074764}}, "header": {"frame_id": "map"}}
{"pose": {"position": {"x": -0.053266738779007256, "y": -0.042189827779670216, "z": -2.0536260304099274e-07}, "orientation": {"x": -4.261056706196291e-09, "y": -3.754734698905788e-09, "z": 0.0003687614983591574, "w": 0.9999999320074764}}, "header": {"frame_id": "map"}}
{"pose": {"position": {"x": -0.053626689225109984, "y": -0.04331296346738139, "z": -2.2783674657328445e-07}, "orientation": {"x": -4.717137204097961e-09, "y": -4.156648150166001e-09, "z": 0.00039627230636871553, "w": 0.9999999214841265}}, "header": {"frame_id": "map"}}
{"pose": {"position": {"x": -0.05399417390409883, "y": -0.044459763976180164, "z": -2.507835935167124e-07}, "orientation": {"x": -5.180760874526222e-09, "y": -4.565214283942728e-09, "z": 0.00042423833677528514, "w": 0.9999999100109127}}, "header": {"frame_id": "map"}}
{"pose": {"position": {"x": -0.05399417390409883, "y": -0.044459763976180164, "z": -2.507835935167124e-07}, "orientation": {"x": -5.180760874526222e-09, "y": -4.565214283942728e-09, "z": 0.00042423833677528514, "w": 0.9999999100109127}}, "header": {"frame_id": "map"}}
{"pose": {"position": {"x": -0.05436540247185497, "y": -0.04561840745487493, "z": -2.7396655998684905e-07}, "orientation": {"x": -5.647061371889743e-09, "y": -4.97614476619298e-09, "z": 0.00045236605619523623, "w": 0.9999998976824703}}, "header": {"frame_id": "map"}}
{"pose": {"position": {"x": -0.05436540247185497, "y": -0.04561840745487493, "z": -2.7396655998684905e-07}, "orientation": {"x": -5.647061371889743e-09, "y": -4.97614476619298e-09, "z": 0.00045236605619523623, "w": 0.9999998976824703}}, "header": {"frame_id": "map"}}
{"pose": {"position": {"x": -0.054736586397713685, "y": -0.04677707122759219, "z": -2.9714908017508534e-07}, "orientation": {"x": -6.111257822529899e-09, "y": -5.385226514994536e-09, "z": 0.00048036707843709513, "w": 0.9999998846237284}}, "header": {"frame_id": "map"}}
{"pose": {"position": {"x": -0.054736586397713685, "y": -0.04677707122759219, "z": -2.9714908017508534e-07}, "orientation": {"x": -6.111257822529899e-09, "y": -5.385226514994536e-09, "z": 0.00048036707843709513, "w": 0.9999998846237284}}, "header": {"frame_id": "map"}}
{"pose": {"position": {"x": -0.055107725881430356, "y": -0.04793575520022349, "z": -3.2033115612145613e-07}, "orientation": {"x": -6.573359742076994e-09, "y": -5.79246772650122e-09, "z": 0.0005082419755942712, "w": 0.9999998708450387}}, "header": {"frame_id": "map"}}
{"pose": {"position": {"x": -0.055107725881430356, "y": -0.04793575520022349, "z": -3.2033115612145613e-07}, "orientation": {"x": -6.573359742076994e-09, "y": -5.79246772650122e-09, "z": 0.0005082419755942712, "w": 0.9999998708450387}}, "header": {"frame_id": "map"}}
{"pose": {"position": {"x": -0.05547882112186957, "y": -0.049094459279108785, "z": -3.435127897619128e-07}, "orientation": {"x": -7.033376685191796e-09, "y": -6.197876799932661e-09, "z": 0.0005359913171658033, "w": 0.9999998563566436}}, "header": {"frame_id": "map"}}
{"pose": {"position": {"x": 0.008460076676141785, "y": 0.08091141229042867, "z": -3.2201964886985346e-07}, "orientation": {"x": -6.4757567491147205e-09, "y": -5.57568879793316e-09, "z": -0.011027040933369902, "w": 0.9999392003358273}}, "header": {"frame_id": "map"}}
{"pose": {"position": {"x": 0.004836219803791359, "y": 0.07043315260318474, "z": -5.332627791287958e-07}, "orientation": {"x": -1.0509053369007338e-08, "y": -9.048911727127587e-09, "z": -0.010786168151810592, "w": 0.999941827596286}}, "header": {"frame_id": "map"}}
{"pose": {"position": {"x": 0.0011954860452605444, "y": 0.059894579134637284, "z": -7.45654158057496e-07}, "orientation": {"x": -1.4400801483589695e-08, "y": -1.2400617149560811e-08, "z": -0.010553732938226331, "w": 0.9999443078097241}}, "header": {"frame_id": "map"}}
{"pose": {"position": {"x": 0.00011768722827252762, "y": 0.05677260159733555, "z": -8.085609728494814e-07}, "orientation": {"x": -1.55229833318268e-08, "y": -1.3367146717087303e-08, "z": -0.010486707569016703, "w": 0.9999450129703941}}, "header": {"frame_id": "map"}}
{"pose": {"position": {"x": -0.0006114885669821629, "y": 0.05465990740221392, "z": -8.511278566034064e-07}, "orientation": {"x": -1.6274581927999815e-08, "y": -1.4014511924453378e-08, "z": -0.010441815572710846, "w": 0.9999454827577077}}, "header": {"frame_id": "map"}}
{"pose": {"position": {"x": -0.0017131092009248262, "y": 0.05146727389615922, "z": -9.154486666634876e-07}, "orientation": {"x": -1.7398558732892433e-08, "y": -1.4982638707603353e-08, "z": -0.0103746808277438, "w": 0.9999461815506482}}, "header": {"frame_id": "map"}}
{"pose": {"position": {"x": -0.002081600816748165, "y": 0.05039911879574213, "z": -9.369671000042379e-07}, "orientation": {"x": -1.7771458512017736e-08, "y": -1.530383916665475e-08, "z": -0.010352407365550534, "w": 0.9999464123950529}}, "header": {"frame_id": "map"}}
{"pose": {"position": {"x": -0.0024419622710463336, "y": 0.049354424515926684, "z": -9.58012282260834e-07}, "orientation": {"x": -1.8134652143482608e-08, "y": -1.561668242556555e-08, "z": -0.010330713518846343, "w": 0.9999466367552775}}, "header": {"frame_id": "map"}}
{"pose": {"position": {"x": -0.0024419622710463336, "y": 0.049354424515926684, "z": -9.58012282260834e-07}, "orientation": {"x": -1.8134652143482608e-08, "y": -1.561668242556555e-08, "z": -0.010330713518846343, "w": 0.9999466367552775}}, "header": {"frame_id": "map"}}
{"pose": {"position": {"x": -0.0024419622710463336, "y": 0.049354424515926684, "z": -9.58012282260834e-07}, "orientation": {"x": -1.8134652143482608e-08, "y": -1.561668242556555e-08, "z": -0.010330713518846343, "w": 0.9999466367552775}}, "header": {"frame_id": "map"}}
{"pose": {"position": {"x": -0.0027860987916562205, "y": 0.04835666889090598, "z": -9.781113207360526e-07}, "orientation": {"x": -1.8480133546073562e-08, "y": -1.591427194831234e-08, "z": -0.010310077509987109, "w": 0.9999468497383935}}, "header": {"frame_id": "map"}}
{"pose": {"position": {"x": -0.0027860987916562205, "y": 0.04835666889090598, "z": -9.781113207360526e-07}, "orientation": {"x": -1.8480133546073562e-08, "y": -1.591427194831234e-08, "z": -0.010310077509987109, "w": 0.9999468497383935}}, "header": {"frame_id": "map"}}
{"pose": {"position": {"x": -0.0027860987916562205, "y": 0.04835666889090598, "z": -9.781113207360526e-07}, "orientation": {"x": -1.8480133546073562e-08, "y": -1.591427194831234e-08, "z": -0.010310077509987109, "w": 0.9999468497383935}}, "header": {"frame_id": "map"}}
{"pose": {"position": {"x": -0.0031544961182794484, "y": 0.04728846847050476, "z": -9.996287989727515e-07}, "orientation": {"x": -1.8848504003004866e-08, "y": -1.623158077313875e-08, "z": -0.010288074176604739, "w": 0.9999470763644124}}, "header": {"frame_id": "map"}}
{"pose": {"position": {"x": -0.0031544961182794484, "y": 0.04728846847050476, "z": -9.996287989727515e-07}, "orientation": {"x": -1.8848504003004866e-08, "y": -1.623158077313875e-08, "z": -0.010288074176604739, "w": 0.9999470763644124}}, "header": {"frame_id": "map"}}
{"pose": {"position": {"x": -0.0031544961182794484,