{"Path": [{"pose": {"position": {"x": -1.902553231677477, "y": -2.4234921746753826, "z": 5.75100874353196e-08}, "orientation": {"x": -1.644119153638848e-05, "y": 3.7888451369483075e-06, "z": -0.12112843473928545, "w": 0.9926368429657155}}, "header": {"frame_id": "map"}}]}
{"Path": [{"pose": {"position": {"x": 1.3361654991446401, "y": -2.493391024942439, "z": 4.78253387901223e-06}, "orientation": {"x": -2.484988335643558e-07, "y": -2.418787229675539e-07, "z": -0.002526039696869545, "w": 0.9999968095565753}}, "header": {"frame_id": "map"}}]}
{"Path": [{"pose": {"position": {"x": 2.489399531536359, "y": -1.114602360041593, "z": 1.910142989385022e-06}, "orientation": {"x": 7.627372997903019e-07, "y": 6.6837035485431385e-06, "z": 0.5369667644169948, "w": 0.8436033984440141}}, "header": {"frame_id": "map"}}]}
{"Path": [{"pose": {"position": {"x": 1.7856701338717411, "y": 1.1010942351309112, "z": 5.672070270426599e-06}, "orientation": {"x": -6.536302017753863e-06, "y": -1.2681811839401182e-05, "z": 0.9253280290110929, "w": 0.37916755995587814}}, "header": {"frame_id": "map"}}]}
{"Path": [{"pose": {"position": {"x": -2.55734719597889, "y": 3.8134348924623325, "z": 4.754249722287163e-06}, "orientation": {"x": 2.2864146065541487e-07, "y": -5.520526853238432e-08, "z": 0.9710698632004648, "w": 0.2387955627388733}}, "header": {"frame_id": "map"}}]}
